{
  "generator-gulp-angular": {
    "version": "1.1.1",
    "props": {
      "angularVersion": "~1.5.3",
      "angularModules": [],
      "jQuery": {
        "key": "jqLite"
      },
      "resource": {
        "key": "$http",
        "module": null
      },
      "router": {
        "key": "ui-router",
        "module": "ui.router"
      },
      "ui": {
        "key": "bootstrap",
        "module": null
      },
      "bootstrapComponents": {
        "key": "noBootstrapComponents",
        "module": null
      },
      "cssPreprocessor": {
        "key": "noCssPrepro",
        "extension": "css"
      },
      "jsPreprocessor": {
        "key": "noJsPrepro",
        "extension": "js",
        "srcExtension": "js"
      },
      "htmlPreprocessor": {
        "key": "noHtmlPrepro",
        "extension": "html"
      },
      "foundationComponents": {
        "name": null,
        "version": null,
        "key": null,
        "module": null
      },
      "paths": {
        "src": "src",
        "dist": "dist",
        "e2e": "e2e",
        "tmp": ".tmp"
      }
    }
  }
}